{

	"Core": {

		"More": {
			"deps": [],
			"desc": "Defines MooTools.More.version."
		},

		"Lang": {
			"deps": ["More", "Class.Extras"],
			"desc": "Enables classes to contain text that can be localized to specific languages."
		},

		"Log": {
			"deps": ["More", "Class"],
			"desc": "A default logger for MooTools. Logs to Firebug or a similar console unless it is not present."
		}

	},

	"Class": {

		"Class.Refactor": {
			"deps": ["More", "Class"],
			"desc": "Allows for a class to extend itself without damaging it's namespace."
		},

		"Class.Binds": {
			"deps": ["More", "Class"],
			"desc": "Adds the Binds Mutator to all classes."
		},

		"Class.Occlude": {
			"deps": ["More", "Class", "Element"],
			"desc": "Mixin class for preventing a class from applying itself to the same element twice."
		},

		"Chain.Wait": {
			"deps": ["More", "Fx", "Element"],
			"desc": "Adds a delay method for chaining that allows you to easily introduce pauses."
		}

	},

	"Native": {

		"Array.Extras": {
			"deps": ["More", "Core", "Array"],
			"desc": "Extends the Array native object to include useful methods to work with arrays."
		},

		"Date": {
			"deps": ["More", "Core", "String", "Number", "Array", "Lang", "Date.English.US"],
			"desc": "Extends the Date native object to include methods useful in managing dates."
		},

		"Date.Extras": {
			"deps": ["More", "Date"],
			"desc": "Extends the Date native object to include extra methods (on top of those in Date.js)."
		},

		"Hash.Extras": {
			"deps": ["More", "Core"],
			"desc": "Extends the Hash native object to include getFromPath which allows a path notation to child elements."
		},

		"String.Extras": {
			"deps": ["More", "String", "Array", "Hash.Extras"],
			"desc": "Extends the String native object to include methods useful in managing strings (query strings, urls, etc)."
		},

		"String.QueryString": {
			"deps": ["More", "String", "Array"],
			"desc": "String shortcuts for working with query strings."
		},

		"URI": {
			"deps": ["More", "String.QueryString", "Selectors"],
			"desc": "Provides methods useful in managing the window location and uris."
		},

		"URI.Relative": {
			"deps": ["More", "URI", "Class.Refactor"],
			"desc": "Extends the URI class to add methods for computing relative and absolute urls."
		}

	},

	"Element": {

		"Element.Forms": {
			"deps": ["More", "Element"],
			"desc": "Extends the Element native object to include methods useful in managing inputs."
		},

		"Elements.From": {
			"deps": ["More", "Element"],
			"desc": "Adds a static method to Element to parse html."
		},

		"Element.Delegation": {
			"deps":["More", "Element.Event", "Selectors"],
			"desc":"Delegates events for child elements to their parents for greater efficiency."
		},

		"Element.Measure": {
			"deps": ["More", "Element.Style"],
			"desc": "Extends the Element native object to include methods useful in measuring dimensions."
		},

		"Element.Pin": {
			"deps": ["More", "Element.Event", "Element.Dimensions", "Element.Style"],
			"desc": "Extends the Element native object to include the pin method useful for fixed positioning for elements."
		},

		"Element.Position": {
			"deps": ["More", "Element.Dimensions", "Element.Measure"],
			"desc": "Extends the Element native object to include methods useful positioning elements relative to others."
		},

		"Element.Shortcuts": {
			"deps": ["More", "Element.Style"],
			"desc": "Extends the Element native object to include some shortcut methods."
		}

	},

	"Forms": {

		"Form.Request":{
			"deps":["More",  "Request.HTML", "Class.Binds", "Class.Occlude", "Spinner", "String.QueryString", "Element.Delegation"],
			"desc":"Handles the basic functionality of submitting a form via ajax and updating a DOM element with the result."
		},

		"Form.Request.Append":{
			"deps": ["More", "Form.Request", "Fx.Reveal", "Elements.From"],
			"desc":"Uses Form.Request to fetch and update a DOM element, but appends the result into the target instead of overwriting its contents."
		},

		"Form.Validator": {
			"deps": ["More", "Lang", "Class.Extras", "Class.Binds", "Selectors", "Element.Event", "Element.Style", "JSON", "Date", "Element.Forms", "Form.Validator.English", "Element.Shortcuts"],
			"desc": "A css-class based form validation system."
		},

		"Form.Validator.Inline": {
			"deps": ["More", "Form.Validator"],
			"desc": "A css-class based form validation system."
		},

		"Form.Validator.Extras": {
			"deps": ["More", "Form.Validator"],
			"desc": "Additional validators for Form.Validator."
		},

		"OverText": {
			"deps": ["More", "Class.Extras", "Element.Event", "Class.Binds", "Class.Occlude", "Element.Position", "Element.Shortcuts"],
			"desc": "Displays text over empty inputs until the user focuses the input or adds information."
		}

	},

	"Fx": {

		"Fx.Elements": {
			"deps": ["More", "Fx.CSS"],
			"desc": "Effect to change any number of CSS properties of any number of Elements."
		},

		"Fx.Accordion": {
			"deps": ["More", "Fx.Elements", "Element.Event"],
			"desc": "An Fx.Elements extension which allows you to easily create accordion type controls."
		},

		"Fx.Move": {
			"deps": ["More", "Fx.Morph", "Element.Position"],
			"desc": "Moves an element to another location (relative to another element) with a transition."
		},

		"Fx.Reveal": {
			"deps": ["More", "Fx.Morph", "Element.Shortcuts", "Element.Measure"],
			"desc": "Executes a transition from display:block to display:none and vice versa."
		},

		"Fx.Scroll": {
			"deps": ["More", "Fx", "Element.Event", "Element.Dimensions"],
			"desc": "Effect to smoothly scroll any element, including the window."
		},

		"Fx.Slide": {
			"deps": ["More", "Fx", "Element.Style"],
			"desc": "Effect to slide an element in and out of view."
		},

		"Fx.SmoothScroll": {
			"deps": ["More", "Fx.Scroll", "Selectors"],
			"desc": "Class for creating a smooth scrolling effect to all internal links on the page."
		},

		"Fx.Sort": {
			"deps": ["More", "Fx.Elements", "Element.Dimensions", "Element.Measure"],
			"desc": "Reorders a group of items with a transition."
		}

	},

	"Drag": {

		"Drag": {
			"deps": ["More", "Class.Extras", "Element.Event", "Element.Style"],
			"desc": "The base Drag Class. Can be used to drag and resize Elements using mouse events."
		},

		"Drag.Move": {
			"deps": ["More", "Drag", "Element.Dimensions"],
			"desc": "A Drag extension that provides support for the constraining of draggables to containers and droppables."
		},

		"Slider": {
			"deps": ["More", "Class.Binds", "Drag", "Element.Dimensions", "Element.Measure"],
			"desc": "Class for creating horizontal and vertical slider controls."
		},

		"Sortables": {
			"deps": ["More", "Drag.Move", "Selectors"],
			"desc": "Class for creating a drag and drop sorting interface for lists of items."
		}

	},

	"Request": {

		"Request.JSONP": {
			"deps": ["More", "Log", "Element", "Request"],
			"desc": "Creates a Json request using a script tag include and handles the callbacks for you."
		},

		"Request.Queue": {
			"deps": ["More", "Request"],
			"desc": "Manages a group of Request instances so that connections are queued."
		},
		
		"Request.Periodical": {
			"deps": ["More", "Request"],
			"desc": "Requests the same url at a time interval that increases when no data is returned from the requested server."
		}

	},

	"Utilities": {

		"Assets": {
			"deps": ["More", "Element.Event"],
			"desc": "Provides methods to dynamically load JavaScript, CSS, and Image files into the document."
		},

		"Color": {
			"deps": ["More", "Array", "String", "Function", "Number", "Hash"],
			"desc": "Class for creating and manipulating colors in JavaScript. Supports HSB -> RGB Conversions and vice versa."
		},

		"Group": {
			"deps": ["More", "Class.Extras"],
			"desc": "Class for monitoring collections of events."
		},

		"Hash.Cookie": {
			"deps": ["More", "Cookie", "JSON"],
			"desc": "Class for creating, reading, and deleting browser Cookies in JSON format."
		},

		"IframeShim": {
			"deps": ["More", "Element.Position", "Element.Event", "Element.Style", "Class.Extras", "Class.Occlude"],
			"desc": "Creates a transparent iframe to mask out items not drawn by the browser (flash, select lists, etc) for IE6."
		}

	},

	"Interface": {

		"HtmlTable":{
			"deps":["More", "Class.Extras", "Class.Occlude"],
			"desc":"Builds table elements with methods to add rows quickly."
		},

		"HtmlTable.Zebra": {
			"deps":["More", "HtmlTable", "Class.Refactor"],
			"desc":"Adds stripes to an HTML table's rows."
		},

		"HtmlTable.Sort": {
			"deps":["More", "HtmlTable", "Element.Delegation", "Hash", "Date", "Class.Refactor", "String.Extras"],
			"desc":"Adds the ability to sort the columns of a HtmlTable.Zebra instance."
		},

		"HtmlTable.Select": {
			"deps":["More", "HtmlTable", "Keyboard", "Class.Refactor", "Element.Delegation"],
			"desc":"Adds the ability to highlight and select rows on a HtmlTable.Sort instance."
		},

		"Keyboard": {
			"deps": ["More", "Class.Extras", "Element.Event", "Log"],
			"desc": "Provides enhanced group key event management."
		},

		"Keyboard.Extras": {
			"deps": ["More", "Keyboard"],
			"desc": "Adds description functionality to the Keyboard"
		},

		"Mask": {
			"deps": ["More", "Class.Extras", "Element.Style", "Element.Event", "Element.Position", "IframeShim", "Class.Binds"],
			"desc": "Creates a mask over a specified element.",
			"styles": true
		},

		"Scroller": {
			"deps": ["More", "Class.Extras", "Element.Event", "Element.Dimensions"],
			"desc": "Class which scrolls the contents of any Element (including the window) when the mouse reaches the Element's boundaries."
		},

		"Tips": {
			"deps": ["More", "Class.Extras", "Element.Event", "Element.Style", "Element.Dimensions"],
			"desc": "Class for creating nice tooltips that follow the mouse cursor when hovering over an element."
		},

		"Spinner":{
			"deps": ["More", "Class.Refactor", "Fx.Tween", "Mask"],
			"desc": "Adds a semi-transparent overlay over a dom element with a spinnin ajax icon.",
			"styles": true
		}

	},

	"Localization":{

		"Date.English.US": {
			"deps": ["More", "Lang"],
			"desc": "Date messages in English (with conventions for the US)."
		},

		"Form.Validator.English": {
			"deps": ["More", "Lang"],
			"desc": "Form.Validator messages in English."
		},

		"Date.Catalan": {
			"deps": ["Lang"],
			"desc": "Date messages in Catalan."
		},

		"Date.Czech": {
			"deps": ["Lang"],
			"desc": "Date messages in Czech."
		},

		"Date.Danish": {
			"deps": ["Lang"],
			"desc": "Date messages in Danish."
		},

		"Date.Dutch": {
			"deps": ["Lang"],
			"desc": "Date messages in Dutch."
		},

		"Date.English.GB": {
			"deps": ["Lang"],
			"desc": "Date messages in English (with conventions for Great Britain)."
		},

		"Date.Estonian": {
			"deps": ["Lang"],
			"desc": "Date messages in Estonian."
		},

		"Date.German": {
			"deps": ["Lang"],
			"desc": "Date messages for German."
		},

		"Date.German.CH": {
			"deps": ["Lang", "Date.German"],
			"desc": "Date messages for Swiss German."
		},

		"Date.French": {
			"deps": ["Lang"],
			"desc": "Date messages in French."
		},

		"Date.Italian": {
			"deps": ["Lang"],
			"desc": "Date messages in Italian."
		},

		"Date.Norwegian": {
			"deps": ["Lang"],
			"desc": "Date messages in Norwegian."
		},

		"Date.Polish": {
			"deps": ["Lang"],
			"desc": "Date messages in Polish."
		},

		"Date.Portuguese.BR": {
			"deps": ["Lang"],
			"desc": "Date messages in Portuguese for Brazil."
		},

		"Date.Russian": {
			"deps": ["Lang"],
			"desc": "Date messages in Russian."
		},

		"Date.Spanish": {
			"deps": ["Lang"],
			"desc": "Date messages in Spanish."
		},

		"Date.Swedish": {
			"deps": ["Lang"],
			"desc": "Date messages in Swedish."
		},

		"Date.Ukrainian": {
			"deps": ["Lang"],
			"desc": "Date messages in Ukrainian."
		},

		"Form.Validator.Arabic": {
			"deps": ["Lang"],
			"desc": "Form.Validator messages in Arabic."
		},

		"Form.Validator.Catalan": {
			"deps": ["Lang"],
			"desc": "Form.Validator messages in Catalan."
		},

		"Form.Validator.Czech": {
			"deps": ["Lang"],
			"desc": "Form.Validator messages in Czech."
		},

		"Form.Validator.Chinese": {
			"deps": ["Lang"],
			"desc": "Form.Validator messages in Chinese."
		},

		"Form.Validator.Dutch": {
			"deps": ["Lang"],
			"desc": "Form.Validator messages in Dutch."
		},

		"Form.Validator.Estonian": {
			"deps": ["Lang"],
			"desc": "Form.Validator messages in Estonian."
		},

		"Form.Validator.German": {
			"deps": ["Lang"],
			"desc": "Form.Validator messages in German."
		},

		"Form.Validator.German.CH": {
			"deps": ["Lang", "Form.Validator.German"],
			"desc": "Form.Validator messages in Swiss German."
		},

		"Form.Validator.French": {
			"deps": ["Lang"],
			"desc": "Form.Validator messages in French."
		},

		"Form.Validator.Italian": {
			"deps": ["Lang"],
			"desc": "Form.Validator messages in Italian."
		},

		"Form.Validator.Norwegian": {
			"deps": ["Lang"],
			"desc": "Form.Validator messages in Norwegian."
		},

		"Form.Validator.Polish": {
			"deps": ["Lang"],
			"desc": "Form.Validator messages in Polish."
		},

		"Form.Validator.Portuguese": {
			"deps": ["Lang"],
			"desc": "Form.Validator messages in Portuguese."
		},

		"Form.Validator.Portuguese.BR": {
			"deps": ["Lang"],
			"desc": "Form.Validator messages in Portuguese localized for Brazil."
		},

		"Form.Validator.Russian": {
			"deps": ["Lang"],
			"desc": "Form.Validator messages in Russian."
		},

		"Form.Validator.Spanish": {
			"deps": ["Lang"],
			"desc": "Form.Validator messages in Spanish."
		},

		"Form.Validator.Swedish": {
			"deps": ["Lang"],
			"desc": "Form.Validator messages in Swedish."
		},

		"Form.Validator.Ukrainian": {
			"deps": ["Lang"],
			"desc": "Form.Validator messages in Ukrainian."
		}

	}

}
